,signups,spend_google_search,spend_snapchat,spend_tiktok,spend_meta,ramadan,eid_fitr,eid_adha,national_day
2021-01-03,7005.405690674727,4180.989284745455,3449.6397214929116,8911.102397366723,15296.798794382908,0.0,0.0,0.0,0.0
2021-01-10,7011.953387479057,2694.7975840305016,8353.830118680651,4210.259730625439,14646.633355033076,0.0,0.0,0.0,0.0
2021-01-17,7745.712574081537,4110.772031205385,9339.325165514761,4495.305492020074,12142.124034993874,0.0,0.0,0.0,0.0
2021-01-24,7400.724241908436,4869.649998044178,7538.880736080239,9917.482940411493,14395.26383393301,0.0,0.0,0.0,0.0
2021-01-31,7231.651068567128,5957.159361646399,20950.567743044023,8516.029421608857,16577.37892966904,0.0,0.0,0.0,0.0
2021-02-07,7059.285202044499,4134.355849236325,8140.255031475821,8572.276300386537,17039.65400042154,0.0,0.0,0.0,0.0
2021-02-14,7331.28914244494,3907.091745954524,6826.803485380594,6820.2326479164085,18556.97850979585,0.0,0.0,0.0,0.0
2021-02-21,7918.708394758123,4302.4820061800665,8357.563619720075,4728.019209953894,8010.039812619172,0.0,0.0,0.0,0.0
2021-02-28,8130.281277080625,4561.098618713789,5579.072510287641,4324.16383510105,7793.119260325309,0.0,0.0,0.0,0.0
2021-03-07,8069.201256581365,2857.430240659801,4593.9566948138245,8763.286186300349,16116.744680773285,0.0,0.0,0.0,0.0
2021-03-14,7761.4126424695405,5746.9959517197985,7824.4037092899125,9218.790688773528,8888.631984788835,0.0,0.0,0.0,0.0
2021-03-21,8178.584722542323,9240.846794828718,10107.254507533455,4263.493735622371,5570.768503615404,0.0,0.0,0.0,0.0
2021-03-28,8000.810903739738,5708.68940116269,6216.806319299748,4871.6106679254835,8801.96893496759,0.0,0.0,0.0,0.0
2021-04-04,8239.040573624294,2586.097952173939,9332.345622947234,6087.527155558026,14723.861942224783,0.0,0.0,0.0,0.0
2021-04-11,9714.295012879038,5071.4597921805735,8031.290814708518,11631.99448202948,11907.551026644558,0.7142857142857143,0.0,0.0,0.0
2021-04-18,9629.007932243361,2776.9995052131912,17920.340797898778,8402.516204871416,20206.392181194755,1.0,0.0,0.0,0.0
2021-04-25,9177.738629792082,2715.881923943138,10914.86794929663,7024.755338233343,17224.852284373585,1.0,0.0,0.0,0.0
2021-05-02,10077.362950788201,6488.807984461763,12206.387401093123,13378.73208830336,9690.434244832466,1.0,0.0,0.0,0.0
2021-05-09,9630.649211641201,4915.581679676538,11347.038767383363,10000.296603618073,15543.250377672797,0.5714285714285714,0.42857142857142855,0.0,0.0
2021-05-16,8530.493139859427,3375.4571374716234,4204.927665338746,4949.393663731229,10365.744090374461,0.0,0.14285714285714285,0.0,0.0
2021-05-23,7957.547309216485,2067.6503217225886,6332.783120372857,5010.223767334305,8529.996804443403,0.0,0.0,0.0,0.0
2021-05-30,8588.995002666665,2753.5558645742144,12854.17941268964,9306.808170143817,6270.409511736423,0.0,0.0,0.0,0.0
2021-06-06,8882.136348156027,4543.910404980505,6836.369466955659,4030.7334895807653,18059.81802061309,0.0,0.0,0.0,0.0
2021-06-13,8818.75223832218,4341.336006832378,19849.591743040677,10252.634259734246,7513.838028926612,0.0,0.0,0.0,0.0
2021-06-20,8984.548710138923,5465.274574012936,9197.357415482797,7385.452688391809,5070.550072108898,0.0,0.0,0.0,0.0
2021-06-27,8619.501504030994,7317.052276591597,3560.06658856684,6684.488669545076,13821.1239236382,0.0,0.0,0.0,0.0
2021-07-04,8989.531293530856,3812.4786723252346,8645.717800191265,8736.85002290049,8838.878184876608,0.0,0.0,0.0,0.0
2021-07-11,8924.521313621444,5058.944350715517,4611.6402448741355,3467.381821303595,15625.723632873718,0.0,0.0,0.0,0.0
2021-07-18,9523.57708404801,4091.0017796943557,7395.822012447174,6349.7641997023575,9958.443484797353,0.0,0.0,0.5714285714285714,0.0
2021-07-25,8248.454484086107,3608.277307249431,5835.873408987967,7012.268413707724,10275.459656054976,0.0,0.0,0.0,0.0
2021-08-01,8087.490725858736,3940.6377259364695,6801.213299889846,7092.326146781765,12677.401391143474,0.0,0.0,0.0,0.0
2021-08-08,8649.516626701845,6009.147877587819,6584.227684651927,7722.78003977068,10758.627579435362,0.0,0.0,0.0,0.0
2021-08-15,8592.79677210949,2995.384761029889,7347.926901057037,4194.822572516938,10743.079140854037,0.0,0.0,0.0,0.0
2021-08-22,8254.656686506403,6400.542257896858,5769.438542177368,10465.198018504992,15075.215281719358,0.0,0.0,0.0,0.0
2021-08-29,8371.73862040067,7199.919540016676,4206.552896532634,7397.703281832373,7533.611233569819,0.0,0.0,0.0,0.0
2021-09-05,8593.782541799137,4347.173378763231,4739.825651241653,7678.8904935348,12544.97776495239,0.0,0.0,0.0,0.0
2021-09-12,8711.212075424355,4693.791685726603,9301.432169616302,5156.982317141235,11422.574427457661,0.0,0.0,0.0,0.0
2021-09-19,10488.256105928518,2619.254075247938,17279.649067655064,9412.036152527462,8258.232938519875,0.0,0.0,0.0,1.0
2021-09-26,8397.226823876472,9808.078896289877,7322.00743264209,10053.450216744244,15222.60072337941,0.0,0.0,0.0,0.0
2021-10-03,8376.26264175268,6047.405428422126,9063.800317383699,6277.311175936727,13518.59245310826,0.0,0.0,0.0,0.0
2021-10-10,8196.07524678687,4559.969262229625,9500.868917775668,6757.342168423453,17687.304555641378,0.0,0.0,0.0,0.0
2021-10-17,8624.583584017857,4380.323113015553,4184.746475893713,7050.546948476525,8876.369611899301,0.0,0.0,0.0,0.0
2021-10-24,8034.06570847601,5027.181477284267,3504.5301035852663,3563.2872534667326,7041.381651371207,0.0,0.0,0.0,0.0
2021-10-31,8030.50613899258,3418.106535894421,6629.601322547127,5940.88827766344,30225.572788634956,0.0,0.0,0.0,0.0
2021-11-07,7908.978292142246,4740.586906977479,3480.498041257312,8043.065822270888,7244.915815782915,0.0,0.0,0.0,0.0
2021-11-14,8329.677489978776,3107.341083635805,6135.64091462648,5318.884647243173,7835.488913783363,0.0,0.0,0.0,0.0
2021-11-21,7875.385870437295,5109.395951133101,4023.314645430233,6218.292246847448,12549.122449733553,0.0,0.0,0.0,0.0
2021-11-28,8110.884770863806,3385.9844321354485,5425.291287831383,6238.8315799826605,8886.598319495011,0.0,0.0,0.0,0.0
2021-12-05,7935.406636158351,5873.500219358692,5189.145333766173,3630.1506336423454,11940.55264564128,0.0,0.0,0.0,0.0
2021-12-12,7768.415369273427,4116.03420159143,8096.918192774419,8362.540575762501,6503.991678209719,0.0,0.0,0.0,0.0
2021-12-19,7225.718808196193,4716.563483978526,5381.403350684935,3928.819955574512,5709.054622045714,0.0,0.0,0.0,0.0
2021-12-26,7755.982285552277,12101.50916420107,4516.650953959817,7316.911641012447,8536.954316273113,0.0,0.0,0.0,0.0
2022-01-02,8362.980323229052,5688.809096539804,6865.893463766,6022.459553177751,13085.36672645382,0.0,0.0,0.0,0.0
2022-01-09,7945.094177490321,4715.002643264703,19067.75715070363,5600.529818754087,10220.666859181238,0.0,0.0,0.0,0.0
2022-01-16,7170.220334670549,4360.363071152066,8020.138655238684,6459.990392833268,15703.72872760019,0.0,0.0,0.0,0.0
2022-01-23,7840.629496347358,2984.1429576721544,3416.9906182996874,8215.662508958727,9431.812915222496,0.0,0.0,0.0,0.0
2022-01-30,7714.184845973523,6274.518375027398,6968.808672524163,8389.368407378262,11042.601886853547,0.0,0.0,0.0,0.0
2022-02-06,7581.985729540222,7522.0450142251575,16599.43154909239,5428.349248164523,7527.203686008731,0.0,0.0,0.0,0.0
2022-02-13,7878.424850470006,4390.941298375752,12890.243467523329,5957.746262059877,6203.779564945077,0.0,0.0,0.0,0.0
2022-02-20,7804.686065045786,7720.524988216245,10566.804916017978,4671.379256814274,6764.571227794662,0.0,0.0,0.0,0.0
2022-02-27,8458.230229400173,4127.70726458144,9954.496956358615,3783.804412502184,7830.740816408958,0.0,0.0,0.0,0.0
2022-03-06,8511.174360391851,2308.159163888394,10230.931061543648,8802.918695826816,20543.778546784586,0.0,0.0,0.0,0.0
2022-03-13,8654.568455051349,3415.7118846288304,9749.954060642944,4298.2846648411205,6594.677569880625,0.0,0.0,0.0,0.0
2022-03-20,8405.303720775868,2965.578180121531,7451.4733922475625,8781.841260552388,13673.460090083165,0.0,0.0,0.0,0.0
2022-03-27,8720.571061965544,4011.243124043119,6779.92841246707,7721.7335421993475,17882.93836730215,0.14285714285714285,0.0,0.0,0.0
2022-04-03,9728.646439205078,6415.931353052148,9183.949155510389,5906.348239947342,12287.327836600316,1.0,0.0,0.0,0.0
2022-04-10,10090.592762388776,3721.7728871449435,19007.45312223949,20156.76237804585,19051.055626377038,1.0,0.0,0.0,0.0
2022-04-17,9430.013541112308,5009.094191757687,11756.560913283827,7045.635728472037,6991.774495828113,1.0,0.0,0.0,0.0
2022-04-24,9879.8929136946,5524.0656522984245,6478.338974496081,6359.624496570125,11040.672402411546,1.0,0.0,0.0,0.0
2022-05-01,9820.73063679364,3416.5467640491547,6555.582820061788,5517.991059433032,13244.701914946427,0.14285714285714285,0.5714285714285714,0.0,0.0
2022-05-08,9476.455678020746,3122.886228978915,6654.462793621957,4685.090855883658,5706.926918701523,0.0,0.0,0.0,0.0
2022-05-15,9403.394632771691,4426.164087142781,7009.280913059394,6854.286442964836,11002.477671151362,0.0,0.0,0.0,0.0
2022-05-22,9235.91668381465,5826.105148628792,6056.271537887053,10366.731712468852,10459.414680884292,0.0,0.0,0.0,0.0
2022-05-29,8649.816727522853,3476.025365550632,8950.641880611098,7989.872055986584,8487.85383642346,0.0,0.0,0.0,0.0
2022-06-05,9013.017244910588,3300.362327801155,6508.361690999396,7425.970345026663,9385.705523566676,0.0,0.0,0.0,0.0
2022-06-12,8538.600405265865,4086.0578797388494,5918.486522404913,5088.050709585332,13218.05057830454,0.0,0.0,0.0,0.0
2022-06-19,8703.477402530005,4751.694751969722,4377.960963737111,5800.002129603771,10142.027519991563,0.0,0.0,0.0,0.0
2022-06-26,8957.903957762053,3550.0561906755424,5141.756284886754,6518.101753926338,14568.178747986756,0.0,0.0,0.0,0.0
2022-07-03,9198.768402151496,3819.3017202612787,13165.969364285116,11061.650480844304,24423.27332981923,0.0,0.0,0.14285714285714285,0.0
2022-07-10,9679.879995163197,3959.3320561804194,7037.098309613232,6592.047821830017,17684.714608141505,0.0,0.0,0.42857142857142855,0.0
2022-07-17,9100.99512504345,2935.836063590765,3306.6556067201,4114.956378074723,8904.132760932467,0.0,0.0,0.0,0.0
2022-07-24,8792.857516478232,4034.4958205545745,9327.720003311917,11600.518379256178,10954.432017309575,0.0,0.0,0.0,0.0
2022-07-31,8824.915232852603,3528.9578459621544,5278.127658599282,3905.873101821635,7139.475736042553,0.0,0.0,0.0,0.0
2022-08-07,8872.969083500266,7472.320082991292,8860.451236139454,10647.268500756703,23074.014890930637,0.0,0.0,0.0,0.0
2022-08-14,9336.790283718601,3582.1259977461405,17946.943717376565,8310.595664159382,8049.644316214916,0.0,0.0,0.0,0.0
2022-08-21,8694.300975726244,5037.994979069634,10141.716675887368,4789.919412452611,12805.435339307687,0.0,0.0,0.0,0.0
2022-08-28,8729.021569408986,4903.0179565443,5261.894438050268,8977.092783117774,9364.117292561848,0.0,0.0,0.0,0.0
2022-09-04,9064.448618464554,2902.8937616743397,5959.688150853042,3791.542132492189,9722.696220549187,0.0,0.0,0.0,0.0
2022-09-11,8625.47226069378,2772.881244361938,4397.6312807723625,4787.588058363537,11183.613662297086,0.0,0.0,0.0,0.0
2022-09-18,10867.99982814092,3673.3327637597476,12565.26248208747,3816.569877521998,11147.074701479922,0.0,0.0,0.0,1.0
2022-09-25,8820.866209898071,5413.632295655595,9263.867122619698,8908.879402735187,8167.780631253543,0.0,0.0,0.0,0.0
2022-10-02,8597.633427423398,3512.7021033529963,5788.654842802613,4083.2233029892536,8299.044593532872,0.0,0.0,0.0,0.0
2022-10-09,8128.19202339986,3412.2274421639518,10985.475360690569,4863.911774013623,8537.193164173588,0.0,0.0,0.0,0.0
2022-10-16,8465.870813269363,1555.7256172333475,9309.063339463362,8096.796621416859,12815.99965220873,0.0,0.0,0.0,0.0
2022-10-23,8383.165168528523,3736.411722188167,6463.596098638661,6980.625240869031,8999.14306204726,0.0,0.0,0.0,0.0
2022-10-30,8588.97192620097,4789.312820221581,8688.83695343084,8977.158429001698,8431.028791310933,0.0,0.0,0.0,0.0
2022-11-06,8113.078348944135,5016.135716430352,3782.3636653423514,7755.670952948603,13725.185135938695,0.0,0.0,0.0,0.0
2022-11-13,8536.53680005721,4989.005655823792,6156.485944461151,8443.719331329687,13110.525270660519,0.0,0.0,0.0,0.0
2022-11-20,8659.615478557755,3827.736978270883,7371.079855508368,5222.8822524412435,9744.002421268504,0.0,0.0,0.0,0.0
2022-11-27,8943.647628621786,3965.032652982977,6725.029375447502,5995.549339839966,24344.55014024732,0.0,0.0,0.0,0.0
2022-12-04,8514.201193480743,5744.920192173641,13831.747940924653,7999.479405187104,7136.8825896703875,0.0,0.0,0.0,0.0
2022-12-11,8292.799192178574,4093.9919502263037,7524.549404242237,8036.787310296089,18045.996912936578,0.0,0.0,0.0,0.0
2022-12-18,8655.631334148991,1917.3694423669215,7673.292204739574,8598.355544222572,11260.68953059906,0.0,0.0,0.0,0.0
2022-12-25,8243.151595739495,6135.07755141265,4240.5247862101,4723.0552404632745,14615.014398356796,0.0,0.0,0.0,0.0
2023-01-01,8138.208618774523,2944.1824400475525,6320.913723914845,4207.056283617127,9257.27780412256,0.0,0.0,0.0,0.0
2023-01-08,8384.638322875318,6947.4204842125055,9235.348896896676,7163.317171454489,15466.371580989531,0.0,0.0,0.0,0.0
2023-01-15,8250.449402554563,7767.67405045256,15356.710248098254,5231.327995337588,7284.761321030036,0.0,0.0,0.0,0.0
2023-01-22,8918.402377841508,5606.200497748943,5835.817122023345,5958.89048972697,13589.443902444938,0.0,0.0,0.0,0.0
2023-01-29,9016.70192503324,5891.200670950121,7036.807518604927,4065.827340487394,11258.82850609004,0.0,0.0,0.0,0.0
2023-02-05,8248.813284922366,8225.580531216006,10329.638110872842,5788.1129562917495,14090.978204264682,0.0,0.0,0.0,0.0
2023-02-12,7986.15725966441,2919.1013836223287,8493.63765082778,7699.491536739434,8682.142312882737,0.0,0.0,0.0,0.0
2023-02-19,8399.213997245497,4692.040084199831,4118.651142778809,8725.619635736955,11920.428816122154,0.0,0.0,0.0,0.0
2023-02-26,8892.889145981668,4667.821515467895,8439.868145579389,5025.832305496404,7820.400074792432,0.0,0.0,0.0,0.0
2023-03-05,9136.79939761858,3060.355078649636,8654.624604362572,7529.767804291851,9073.424885032642,0.0,0.0,0.0,0.0
2023-03-12,9508.825428070955,8681.147242992294,6333.847110476426,3948.701421376747,9431.802762285877,0.0,0.0,0.0,0.0
2023-03-19,9908.22424669193,3803.8539280967675,17355.864655920963,10708.153406370831,18191.192753347503,0.42857142857142855,0.0,0.0,0.0
2023-03-26,10211.481726258486,3988.4579627229364,10502.416608859075,9610.164176129465,23394.267591503438,1.0,0.0,0.0,0.0
2023-04-02,10530.197097723772,5657.832534259338,6234.304983826008,7385.62699883029,10061.73726790678,1.0,0.0,0.0,0.0
2023-04-09,10256.221645164987,7390.770904583606,8312.205463349612,7049.6066663260735,14769.674043874742,1.0,0.0,0.0,0.0
2023-04-16,10219.08095467236,3975.634812591221,9226.840879250467,9200.852582222302,23173.973061623816,0.7142857142857143,0.2857142857142857,0.0,0.0
2023-04-23,9174.155147521065,3480.4819599106468,5497.151331316288,4362.697128172656,27759.6829599506,0.0,0.2857142857142857,0.0,0.0
2023-04-30,9103.438751678395,5121.552007202102,8151.079345064856,6415.603398035968,7678.8171082544295,0.0,0.0,0.0,0.0
2023-05-07,9239.257583403776,2606.6197206616293,9584.7531871752,5944.015915372421,7896.642432226992,0.0,0.0,0.0,0.0
2023-05-14,9342.135895242154,3275.971168339009,7427.441007854262,7372.9771451467495,11570.980029530667,0.0,0.0,0.0,0.0
2023-05-21,10068.088677548054,3201.5562956015738,5924.208323790183,8035.470115516135,12260.61396606885,0.0,0.0,0.0,0.0
2023-05-28,9923.558193554743,3687.6977078348714,19575.24301163025,11635.383906048986,11798.191577593298,0.0,0.0,0.0,0.0
2023-06-04,9862.540045490872,4084.609338621185,7082.44203113194,5184.216161609638,4601.61139270964,0.0,0.0,0.0,0.0
2023-06-11,9884.991824580837,8186.547678811305,7638.626638625563,8777.01512543371,11276.056264219456,0.0,0.0,0.0,0.0
2023-06-18,10267.374998170797,5897.895861994537,5166.929610776917,6607.261245031308,16429.06838945987,0.0,0.0,0.0,0.0
2023-06-25,9991.677643924859,4326.931827833537,6254.539909083589,4532.018151825368,16929.19556155661,0.0,0.0,0.5714285714285714,0.0
2023-07-02,9961.949430424404,3968.4423748171075,9571.792605202438,6550.162026760173,10273.236638148812,0.0,0.0,0.0,0.0
2023-07-09,9618.020437143994,5830.147344445747,8756.439135338918,4976.270458938932,16755.618832010085,0.0,0.0,0.0,0.0
2023-07-16,9652.881954164699,4987.622312189751,6321.839668414825,2547.8780640268888,9712.671650831096,0.0,0.0,0.0,0.0
2023-07-23,9840.931317045948,5864.648011831256,6769.111689352295,4407.717676252817,6324.060571726265,0.0,0.0,0.0,0.0
2023-07-30,9376.254557382248,6961.260805238302,7236.412501136065,5399.63211516083,9834.960593132644,0.0,0.0,0.0,0.0
2023-08-06,9442.108805951015,3016.6731334101373,4855.290499448364,5252.243413081125,14798.487695111726,0.0,0.0,0.0,0.0
2023-08-13,9536.432035589725,1951.3473739848735,6325.702413671852,3598.568298899983,10786.27858412736,0.0,0.0,0.0,0.0
2023-08-20,9707.753287157628,4260.508236891357,5643.1200042691735,5454.769929451556,8455.678210542943,0.0,0.0,0.0,0.0
2023-08-27,9519.7246365566,4414.21850806083,4155.639537233945,7157.999114518768,10503.86506513942,0.0,0.0,0.0,0.0
2023-09-03,10312.30492314915,4746.426082687796,7118.840584927828,4136.677340225603,11594.277800678887,0.0,0.0,0.0,0.0
2023-09-10,10238.819794600122,3481.3878190282517,6418.313180904371,6743.977102252447,10820.577023593758,0.0,0.0,0.0,0.0
2023-09-17,11021.032874667706,3957.4593167365892,5661.135705313663,4245.913983959364,16047.084428293729,0.0,0.0,0.0,1.0
2023-09-24,9375.475191947407,5220.416430943768,9198.298324033292,13241.512388610885,21178.29703143236,0.0,0.0,0.0,0.0
2023-10-01,9509.017112010626,5319.688726657937,6546.974812926632,5055.579433002115,14980.301959748735,0.0,0.0,0.0,0.0
2023-10-08,9429.39750374519,6840.507505452721,2453.745960716112,3856.107346867346,10800.272764604328,0.0,0.0,0.0,0.0
2023-10-15,9661.508851443497,2011.3809694730533,7198.593029234536,9083.579931638593,9778.486320386268,0.0,0.0,0.0,0.0
2023-10-22,8580.001567072482,2410.872850444582,13338.095903047053,13050.867542525406,21043.39421517937,0.0,0.0,0.0,0.0
2023-10-29,8735.922111878579,7161.351715165692,8470.578821345556,8588.381641890006,12681.869704181441,0.0,0.0,0.0,0.0
2023-11-05,9490.385322653081,5311.577216440736,9864.315488611071,12358.546779854387,10095.6087620761,0.0,0.0,0.0,0.0
2023-11-12,9570.541698827816,5667.349439484841,4102.200413430861,6954.300681937165,15403.596315248536,0.0,0.0,0.0,0.0
2023-11-19,9893.401816878502,3885.79369380132,8409.693901633531,5385.075386483987,18671.297132508826,0.0,0.0,0.0,0.0
2023-11-26,9765.225392256307,3636.6573271693965,4171.359853778507,7137.844426319465,10409.27520668483,0.0,0.0,0.0,0.0
2023-12-03,8915.061922075718,4604.115782048444,8156.505452524418,5979.805693346233,12788.961059728592,0.0,0.0,0.0,0.0
2023-12-10,9268.261215108165,3089.760880483706,5328.063553290796,4924.586952268152,7968.664275161522,0.0,0.0,0.0,0.0
2023-12-17,9011.286525820853,2512.963515366863,4736.146455419308,5763.0719560089,13056.576788800285,0.0,0.0,0.0,0.0
2023-12-24,9084.971527219453,2910.4853730382342,7482.016999335231,3942.5812565375136,7663.909818813523,0.0,0.0,0.0,0.0
2023-12-31,9128.62301497017,4471.855819753902,9996.849360402119,6099.637100627544,10992.324899297784,0.0,0.0,0.0,0.0
2024-01-07,9010.448398612763,5365.750647478942,6388.857124795638,7176.528272110565,12622.002268824821,0.0,0.0,0.0,0.0
2024-01-14,8996.264234992188,7651.94683217624,6193.346983543431,6427.488674587965,7838.194102959694,0.0,0.0,0.0,0.0
2024-01-21,9335.398082420787,4889.826467309561,3737.8253335038266,7501.758827555296,7005.83555197369,0.0,0.0,0.0,0.0
2024-01-28,9129.053338034902,5065.233731239939,9028.689581894429,5521.537630425571,9147.0240337395,0.0,0.0,0.0,0.0
2024-02-04,9343.360835460595,7751.362664871111,6923.943915781545,6224.5355131686165,8472.88298201879,0.0,0.0,0.0,0.0
2024-02-11,9465.420217378667,3271.308087575032,6137.361377577978,6214.229114564216,9217.105612403597,0.0,0.0,0.0,0.0
2024-02-18,9305.88026607629,3068.740909985025,10669.796061470694,12054.099680703299,7025.382255099856,0.0,0.0,0.0,0.0
2024-02-25,9333.405862954738,3556.3802750328905,3899.6406993709384,3910.1808102713,15074.691183297587,0.0,0.0,0.0,0.0
2024-03-03,9841.024539126123,4150.965294590426,5656.864079950418,12432.288368093748,9387.47913668382,0.0,0.0,0.0,0.0
2024-03-10,10344.574965663915,10210.083969297808,9658.679327667767,6820.7211650386425,17201.595300703288,0.8571428571428571,0.0,0.0,0.0
2024-03-17,10690.160637377718,4559.653906265917,16433.047574990826,14784.209694408302,15770.685644420615,1.0,0.0,0.0,0.0
2024-03-24,10565.493557044585,8140.328842133445,4315.230662895437,10169.906697134405,12601.977523392092,1.0,0.0,0.0,0.0
2024-03-31,11051.452244388918,4366.272209617096,11441.156753239607,11296.88704360221,27044.74231654396,1.0,0.0,0.0,0.0
2024-04-07,11734.6264940193,5535.8941171517545,8108.925977961662,7405.530688983683,9216.966198298713,0.42857142857142855,0.5714285714285714,0.0,0.0
2024-04-14,9884.588672626423,5449.26237624719,9614.306365783023,6651.094681621951,11396.64465135016,0.0,0.0,0.0,0.0
2024-04-21,10443.269436203589,5173.516956051972,13783.024668836599,9992.748653968927,21432.031803741877,0.0,0.0,0.0,0.0
2024-04-28,10668.841516153587,5583.889768725744,6320.015424620179,15204.498025998928,10308.611851868765,0.0,0.0,0.0,0.0
2024-05-05,9720.13703147392,3373.1786764323024,7721.818112510469,7104.38730665917,17465.33431971922,0.0,0.0,0.0,0.0
2024-05-12,9796.012733666614,7146.844351460059,13274.462131974864,14129.08113688443,13569.734418184462,0.0,0.0,0.0,0.0
2024-05-19,10125.525276126782,6051.865984884539,7162.863978834473,5954.865549881831,8724.774439888051,0.0,0.0,0.0,0.0
2024-05-26,9960.119246977289,3358.0545098548832,6430.655321174009,10968.256624539024,10099.027850081347,0.0,0.0,0.0,0.0
2024-06-02,10301.199366158582,5124.517814253066,7727.506757032425,5927.118253454932,8535.103324404941,0.0,0.0,0.0,0.0
2024-06-09,10728.149366614336,2948.843494168655,10017.58169674362,7356.487644745461,11625.260311794627,0.0,0.0,0.0,0.0
2024-06-16,10983.448485897643,4438.135915671754,5014.3898989537975,4291.566783849448,5539.378511635885,0.0,0.0,0.5714285714285714,0.0
2024-06-23,10376.642614017364,2849.487329867171,13128.814847193762,2451.344731781932,7113.482532951149,0.0,0.0,0.0,0.0
2024-06-30,10603.124481948194,5520.385118652117,8058.186209116306,13553.2626783421,16296.320883408811,0.0,0.0,0.0,0.0
2024-07-07,10639.44972122653,12116.269994942015,7504.680519549647,8932.644363684622,10749.11361688341,0.0,0.0,0.0,0.0
2024-07-14,10081.879496878788,7183.691125519239,3071.8782859705475,8479.972793098606,12223.00327235823,0.0,0.0,0.0,0.0
2024-07-21,10104.192970659202,5544.4206189165725,6724.551319150586,4468.597657127841,18564.268050741146,0.0,0.0,0.0,0.0
2024-07-28,10326.066472726696,3129.9414572962387,4796.663444069923,3508.3865204818626,5594.435516109419,0.0,0.0,0.0,0.0
2024-08-04,10327.597597541893,4904.2865801122325,14854.506677241154,10232.475471332631,6525.125374648521,0.0,0.0,0.0,0.0
2024-08-11,10419.004015516513,6498.7767305732,9430.356020372752,6430.131544393938,19143.18843281038,0.0,0.0,0.0,0.0
2024-08-18,10528.67879679777,4162.372687667131,10094.014174112544,7927.276411268959,6375.323451185267,0.0,0.0,0.0,0.0
2024-08-25,9573.088135358343,4491.859797396568,6367.731647795983,6198.618678504504,10585.418532537251,0.0,0.0,0.0,0.0
2024-09-01,10346.358571005978,2372.6308260768647,6575.665590359569,9622.955425798224,5822.050158803139,0.0,0.0,0.0,0.0
2024-09-08,9576.660616094081,3182.3571385888868,7865.429196386923,6964.746717516994,4203.1301788223245,0.0,0.0,0.0,0.0
2024-09-15,9837.49903500234,2248.1235690498925,3238.6644981054483,6874.969350847269,9999.40358626274,0.0,0.0,0.0,0.0
2024-09-22,12073.366382189419,8390.360754605803,8118.455012674977,12933.225777483982,16919.333077725252,0.0,0.0,0.0,1.0
2024-09-29,9901.4762590164,5065.437827961112,5581.799927737613,4901.3622189347025,7690.941152600038,0.0,0.0,0.0,0.0
2024-10-06,9933.860964316365,5532.618283632805,8099.237346116345,7057.794652097446,4218.516076974787,0.0,0.0,0.0,0.0
2024-10-13,9676.564973392022,3999.1218753763687,5751.16837299197,5096.753050354398,11417.501068780448,0.0,0.0,0.0,0.0
2024-10-20,9552.023889747672,2574.837651943171,8756.946962793076,4889.798997675601,19925.498452860946,0.0,0.0,0.0,0.0
2024-10-27,9671.5703161507,4565.870210142048,6309.095165719819,10429.95550809758,5594.3783479593285,0.0,0.0,0.0,0.0
2024-11-03,9773.496030938142,3435.794626292101,9105.09016809844,9019.876162336504,13387.339373185887,0.0,0.0,0.0,0.0
2024-11-10,9554.824670733991,3057.4465703480887,14671.427414301574,7439.117765158512,11287.31591578841,0.0,0.0,0.0,0.0
2024-11-17,9755.39148126265,4377.217107146906,11643.990661877455,9723.400110339766,5360.628866213363,0.0,0.0,0.0,0.0
2024-11-24,9465.588199635185,4461.36931781147,9402.480147624916,7039.235929450815,14587.24184130054,0.0,0.0,0.0,0.0
2024-12-01,9455.148906870503,4030.3245631082436,10075.821390413512,9876.19015268447,10927.585114635418,0.0,0.0,0.0,0.0
2024-12-08,9493.261396439582,3274.041835651178,5938.199119964522,4613.41353732452,9752.040780222016,0.0,0.0,0.0,0.0
2024-12-15,9766.93344167282,3040.328560279706,9277.122389113589,10583.599185956618,16022.25907752985,0.0,0.0,0.0,0.0
2024-12-22,9605.548944142429,4302.651816086095,5019.88313071515,7063.225603880051,10366.676335928098,0.0,0.0,0.0,0.0
2024-12-29,9811.308381565315,6585.624645762144,7228.256745903485,4367.1648576608395,16041.188176079606,0.0,0.0,0.0,0.0
2025-01-05,10237.58999392967,2448.586179447639,11304.205642641416,4904.496562051842,25652.307494353972,0.0,0.0,0.0,0.0
2025-01-12,9743.334686305712,3411.0004415201333,5228.901970580116,4028.5376981706113,11066.686774895143,0.0,0.0,0.0,0.0
2025-01-19,10169.566981280272,4055.9864691880844,7952.750301259895,7826.589330291974,11982.30364017931,0.0,0.0,0.0,0.0
2025-01-26,9532.882286945085,4061.1290826515155,4362.136723114219,5274.767423870091,8415.872149450142,0.0,0.0,0.0,0.0
2025-02-02,9965.534507982322,3488.7800948676745,4409.505865814272,6797.415317023876,17608.831401622152,0.0,0.0,0.0,0.0
2025-02-09,10036.034569091675,8431.684909048417,16402.586671637055,13364.965139486003,12060.019163342318,0.0,0.0,0.0,0.0
2025-02-16,10605.66049374137,4937.943863479763,5307.5514007122665,5865.280819295232,8616.63853119707,0.0,0.0,0.0,0.0
2025-02-23,10238.082042037684,3127.725276967738,5629.824302328853,6690.865046273006,10835.571908850154,0.14285714285714285,0.0,0.0,0.0
2025-03-02,11160.265297066017,2666.0422636084804,20213.641509596044,9745.513024987435,14548.05663698987,1.0,0.0,0.0,0.0
2025-03-09,11693.97271250559,4850.532202796904,10371.672233295953,10765.899332565828,12082.190456000968,1.0,0.0,0.0,0.0
2025-03-16,11796.530977461216,8646.502917505119,9968.017183872144,14779.748572690676,21082.30339374005,1.0,0.0,0.0,0.0
2025-03-23,11684.787737264784,5511.348736521611,9342.627347348049,6358.563351500142,13911.185611539879,1.0,0.0,0.0,0.0
2025-03-30,10229.450661151352,1908.7002027981378,7805.69449497652,6392.5447225201315,4867.8709237690055,0.0,0.5714285714285714,0.0,0.0
2025-04-06,10354.705592313016,2651.4035660267987,5268.495849990806,4095.8875145287125,15518.598261383944,0.0,0.0,0.0,0.0
2025-04-13,10519.564866583165,4481.869533879811,6886.378037163445,10218.612441093415,18947.336867989376,0.0,0.0,0.0,0.0
2025-04-20,10645.077856800779,6238.145371545414,9873.261357270369,3294.4162598023554,8504.21198537173,0.0,0.0,0.0,0.0
2025-04-27,10464.772726363419,4510.443086252885,6033.0977676740395,6564.282498633298,16629.63838160138,0.0,0.0,0.0,0.0
2025-05-04,11005.007545865801,4523.436485010386,2935.538723143749,5367.481066141276,8578.224600729818,0.0,0.0,0.0,0.0
2025-05-11,10850.797756652515,6249.916172472602,5366.983007981925,5082.888233295714,7301.535830878865,0.0,0.0,0.0,0.0
2025-05-18,10800.986424931934,6663.920627540457,8831.382381016027,7928.332470188281,7487.791259555918,0.0,0.0,0.0,0.0
2025-05-25,10432.11018383224,3387.9792312327136,9992.13453147877,7442.7329064628975,18338.2125671274,0.0,0.0,0.0,0.0
2025-06-01,10986.879949467833,5004.489218664806,13797.978074784145,8017.520369870598,30035.93459346318,0.0,0.0,0.2857142857142857,0.0
2025-06-08,10785.381285194537,3070.7910680423147,11123.72234455535,7268.884041806344,13187.721232251502,0.0,0.0,0.2857142857142857,0.0
2025-06-15,11214.386618978373,2945.327161726788,4690.8684081354,6841.40403437354,7256.175617835667,0.0,0.0,0.0,0.0
2025-06-22,11144.435851615337,5274.78835531168,10560.144004818263,4789.98101920616,13678.192390452521,0.0,0.0,0.0,0.0
2025-06-29,10802.20440320881,2608.6035168820836,7263.805220004126,3746.6542589427513,7069.740395702605,0.0,0.0,0.0,0.0
2025-07-06,10887.95275041215,4556.121366847385,8551.210156615045,8136.331388843369,12869.137647271496,0.0,0.0,0.0,0.0
2025-07-13,11323.723962235796,4792.1971013337115,2480.2010127310905,7869.848062931683,8542.082097953791,0.0,0.0,0.0,0.0
2025-07-20,11113.421580592494,5803.55112960426,9224.414100158696,7401.77519033083,8470.68401351761,0.0,0.0,0.0,0.0
2025-07-27,10931.091503015148,2870.163838393396,7322.998106064952,5160.71902606845,8610.256713922694,0.0,0.0,0.0,0.0
2025-08-03,11459.863126397438,4905.244805036256,13162.827877385742,9397.666448991105,5004.691429711583,0.0,0.0,0.0,0.0
2025-08-10,11164.31599144985,4108.752544840124,7209.167636036385,20266.90316780441,5592.8290410664395,0.0,0.0,0.0,0.0
2025-08-17,11185.662150439575,7222.061330426092,4801.014726549513,6535.774409155536,9810.182275190315,0.0,0.0,0.0,0.0
2025-08-24,10747.294743162092,3310.357031396594,5095.4516612528105,7423.961633504541,7098.134994936235,0.0,0.0,0.0,0.0
2025-08-31,10602.845829659087,2911.0449595717773,7779.158727293339,4661.4186294982555,13786.700690112462,0.0,0.0,0.0,0.0
2025-09-07,10911.266424292298,5114.587384591539,7517.348346872323,4675.285989158298,15597.424371630848,0.0,0.0,0.0,0.0
2025-09-14,10728.178869832722,3181.9208670974854,5406.14496275738,20381.3271672788,10781.406906491648,0.0,0.0,0.0,0.0
2025-09-21,12744.675459750319,2729.218048721192,6502.2744045235895,18941.581060297904,8539.972200026456,0.0,0.0,0.0,1.0
2025-09-28,10681.318198805486,5903.49439197483,20653.369765554507,5663.958864722843,17535.780302531795,0.0,0.0,0.0,0.0
2025-10-05,10644.705065171536,4991.0911907101345,11175.623985101656,8849.683384101905,36753.15865145266,0.0,0.0,0.0,0.0
2025-10-12,10419.507521377478,1444.8730514125498,6589.671950045782,4482.428810964464,7841.96726050104,0.0,0.0,0.0,0.0
2025-10-19,10010.467908723109,3110.161395731566,5600.260465845551,4989.497524285601,12289.831495760945,0.0,0.0,0.0,0.0
2025-10-26,10620.115090932852,2913.0667295660933,11011.225431047334,6272.548304425036,5785.765275764378,0.0,0.0,0.0,0.0
2025-11-02,10320.700397054652,5379.206625643797,17951.646236610686,7196.030425680744,13498.529868933045,0.0,0.0,0.0,0.0
2025-11-09,9974.400041893023,7188.0243571999945,4720.473453770115,4813.312367231884,12195.372084088891,0.0,0.0,0.0,0.0
2025-11-16,10252.396222086942,8822.980015266803,6571.09969717282,8536.205852527253,9450.217373759577,0.0,0.0,0.0,0.0
2025-11-23,10055.843516878229,5496.785382000271,4887.815875862636,5798.916357166199,12245.114174004546,0.0,0.0,0.0,0.0
2025-11-30,10551.916393810805,2925.3531602350768,12916.508662439508,4683.97669741109,10731.653732437842,0.0,0.0,0.0,0.0
2025-12-07,10495.412015122347,2889.472727669069,7882.39131813007,4085.1725865210988,10220.143154686692,0.0,0.0,0.0,0.0
2025-12-14,10145.165569117411,3075.7901896920553,6119.061271278034,8890.997571895961,10140.543863067654,0.0,0.0,0.0,0.0
2025-12-21,9983.104489291702,5095.2636352415875,5997.60445884519,4263.532412424257,16584.688838398655,0.0,0.0,0.0,0.0
2025-12-28,10403.518346141187,6685.337843829349,8165.708175936985,5833.896282983062,10026.400404256668,0.0,0.0,0.0,0.0
